{
  "HTTP Request main page" : {
    "transaction" : "HTTP Request main page",
    "sampleCount" : 1,
    "errorCount" : 0,
    "errorPct" : 0.0,
    "meanResTime" : 446.0,
    "medianResTime" : 446.0,
    "minResTime" : 446.0,
    "maxResTime" : 446.0,
    "pct1ResTime" : 446.0,
    "pct2ResTime" : 446.0,
    "pct3ResTime" : 446.0,
    "throughput" : 2.242152466367713,
    "receivedKBytesPerSec" : 298.1405899663677,
    "sentKBytesPerSec" : 0.6546910033632287
  },
  "Total" : {
    "transaction" : "Total",
    "sampleCount" : 4,
    "errorCount" : 0,
    "errorPct" : 0.0,
    "meanResTime" : 384.25,
    "medianResTime" : 396.0,
    "minResTime" : 299.0,
    "maxResTime" : 446.0,
    "pct1ResTime" : 446.0,
    "pct2ResTime" : 446.0,
    "pct3ResTime" : 446.0,
    "throughput" : 2.592352559948153,
    "receivedKBytesPerSec" : 441.427768551523,
    "sentKBytesPerSec" : 1.0202325016202205
  },
  "HTTP Request Taganrog" : {
    "transaction" : "HTTP Request Taganrog",
    "sampleCount" : 1,
    "errorCount" : 0,
    "errorPct" : 0.0,
    "meanResTime" : 299.0,
    "medianResTime" : 299.0,
    "minResTime" : 299.0,
    "maxResTime" : 299.0,
    "pct1ResTime" : 299.0,
    "pct2ResTime" : 299.0,
    "pct3ResTime" : 299.0,
    "throughput" : 3.3444816053511706,
    "receivedKBytesPerSec" : 1472.6660482859531,
    "sentKBytesPerSec" : 1.1986569816053512
  },
  "HTTP Request find" : {
    "transaction" : "HTTP Request find",
    "sampleCount" : 1,
    "errorCount" : 0,
    "errorPct" : 0.0,
    "meanResTime" : 436.0,
    "medianResTime" : 436.0,
    "minResTime" : 436.0,
    "maxResTime" : 436.0,
    "pct1ResTime" : 436.0,
    "pct2ResTime" : 436.0,
    "pct3ResTime" : 436.0,
    "throughput" : 2.293577981651376,
    "receivedKBytesPerSec" : 123.66058629587155,
    "sentKBytesPerSec" : 1.0594359231651376
  },
  "HTTP Request find Taganrog" : {
    "transaction" : "HTTP Request find Taganrog",
    "sampleCount" : 1,
    "errorCount" : 0,
    "errorPct" : 0.0,
    "meanResTime" : 356.0,
    "medianResTime" : 356.0,
    "minResTime" : 356.0,
    "maxResTime" : 356.0,
    "pct1ResTime" : 356.0,
    "pct2ResTime" : 356.0,
    "pct3ResTime" : 356.0,
    "throughput" : 2.8089887640449436,
    "receivedKBytesPerSec" : 151.43028002106743,
    "sentKBytesPerSec" : 1.297511411516854
  }
}